{
  "total_transactions": 88581,
  "accepted_count": 61829,
  "review_count": 24288,
  "rejected_count": 2464,
  "review_rate": 0.2741897246587869,
  "auc_roc_val": 0.9317934411022855,
  "auc_roc_test": 0.9127496306446503,
  "precision": 0.7040896066684033,
  "recall": 0.8767434317223484,
  "false_positive_rate": 0.01328686051135699,
  "total_cost": 164843.217,
  "total_profit": 67896.7161,
  "profit_gain": 0.8823941007663274,
  "protected_exposure": 444401.749,
  "missed_fraud_cost_total": 75620.316,
  "false_rejection_cost_total": 4214.901,
  "manual_review_cost_total": 85008.0,
  "overload_cost_total": 0.0,
  "tp": 2703,
  "fp": 1136,
  "tn": 84362,
  "fn": 380,
  "no_fraud_value": -1175242.6497,
  "model_policy_value": 67896.7161,
  "oracle_value": 233582.91330000001,
  "dummy_data": false
}