policy_name,T_low,T_high,review_rate,total_cost,profit_gain,protected_exposure
Grid search (global),0.37,0.98,0.37164854765694677,184217.83090000003,0.8689949016207621,447186.245
Amount-bucketed grid,,,0.24285117576003884,171777.22970000003,0.8769716211914022,440027.27
RL (amount-conditioned),0.408649206161499,0.9382777214050293,0.26882740090990165,164872.03119999997,0.8821335454146638,444401.749
"Deployed (capacity, 8 reviewers)",0.408649206161499,0.9882777214050293,0.2741897246587869,164843.217,0.8823941007663274,444401.749
